{
    "Server Url": "https://cppfosapp.fdn.cpp.edu/Finance/Documents/getAttachments.aspx?",
    "Development Server Url": "https://cppfosappdev.fdn.cpp.edu/Finance/Documents/getAttachments.aspx?",
    "Dev Mode": false,
    "Show Icon/Text": "icon",
    "ShowIconText COMMENT1": "Possible Values: icon, text, or both. 'icon' is default",
    "ShowIconText COMMENT2": "icon is default",
    "Label": "View Attachment",
    "Icon Height": "12",
    "Icon Width": "12",
    "Use_Exclude": false,
    "Exclude_Value": "TTL",
    "COMMENT1": "Excludes values that starts with Exclude_Value",
    "COMMENT2": "Specifically in the SPAN HTML Item for data-ref",
    "COMMENT3": "data-ref=\"'+URLEncode([Reference])+'\" ",
    "COMMENT4": "We exclude TTL% for performance optimization",
    "Type": "xml"
}